[
  {
    "id": "100avatars-r1",
    "name": "100Avatars R1",
    "creator_id": "Polygonal-Mind",
    "description": "The first 100 avatars series (001-100)",
    "is_public": true,
    "license": "CC0",
    "source_type": "original",
    "storage_type": "arweave",
    "created_at": "2025-03-11T16:41:51.487Z",
    "updated_at": "2025-03-11T16:41:51.487Z",
    "avatar_data_file": "avatars/100avatars-r1.json"
  },
  {
    "id": "100avatars-r2",
    "name": "100Avatars R2",
    "creator_id": "Polygonal-Mind",
    "description": "The second 100 avatars series (101-200)",
    "is_public": true,
    "license": "CC0",
    "source_type": "original",
    "storage_type": "arweave",
    "created_at": "2025-03-11T16:41:51.487Z",
    "updated_at": "2025-03-11T16:41:51.487Z",
    "avatar_data_file": "avatars/100avatars-r2.json"
  },
  {
    "id": "100avatars-r3",
    "name": "100Avatars R3",
    "creator_id": "Polygonal-Mind",
    "description": "The third 100 avatars series (201-300)",
    "is_public": true,
    "license": "CC0",
    "source_type": "original",
    "storage_type": "arweave",
    "created_at": "2025-03-11T16:41:51.487Z",
    "updated_at": "2025-03-11T16:41:51.487Z",
    "avatar_data_file": "avatars/100avatars-r3.json"
  },
  {
    "id": "vipe-heroes-genesis",
    "name": "VIPE Heroes Genesis",
    "creator_id": "vipe",
    "description": "Genesis PFP collection of VIPE NFT Avatar Marketplace. With interoperability, IP Commercial Rights and Customization.",
    "is_public": true,
    "license": "CC-BY",
    "source_type": "nft",
    "source_network": "ethereum",
    "source_contract": "0x3999877754904d8542ad1845d368fa01a5e6e9a5",
    "storage_type": "ipfs",
    "opensea_url": "https://opensea.io/collection/vipe-heroes",
    "created_at": "2023-06-01T17:14:15.854Z",
    "updated_at": "2026-01-17T09:35:20.372Z",
    "avatar_data_file": "avatars/vipe-heroes-genesis.json"
  },
  {
    "id": "grifters-squaddies",
    "name": "Grifters Squaddies",
    "creator_id": "toxsam",
    "description": "Grifters gonna grift!",
    "is_public": true,
    "license": "CC0",
    "source_type": "nft",
    "source_network": "base",
    "source_contract": "0xa94c652c16525e6b7cac82a34eab18b5174ad23c",
    "storage_type": "ipfs",
    "opensea_url": "https://opensea.io/collection/grifterssquaddies",
    "created_at": "2024-04-30T17:00:51.348Z",
    "updated_at": "2026-01-17T19:55:16.881Z",
    "avatar_data_file": "avatars/grifters-squaddies.json"
  },
  {
    "id": "toxsam",
    "name": "ToxSam",
    "creator_id": "toxsam",
    "description": "Collection of NFT avatars by ToxSam across Ethereum and Base networks",
    "is_public": true,
    "license": "CC0",
    "source_type": "nft",
    "source_network": ["ethereum", "base"],
    "source_contract": [
      "0xc1def47cf1e15ee8c2a92f4e0e968372880d18d1",
      "0xbffd07cc4d32578fe3ccbf8bd0c5ffa8da3fc600",
      "0x59202483529a11642a43578a6ee77ca4ec24f930"
    ],
    "storage_type": "ipfs",
    "opensea_url": "https://toxsam.com",
    "created_at": "2020-09-29T06:20:23.600Z",
    "updated_at": "2026-01-24T10:02:21.683Z",
    "avatar_data_file": "avatars/toxsam.json"
  },
  {
    "id": "halloween-rising",
    "name": "Halloween Rising",
    "creator_id": "Polygonal-Mind",
    "description": "Spooky Halloweenn avatars - 60 VRM Avatars on the Optimism blockchain with 5 designs, 3 styles and 5 variations. Released on the deprecated VIPE platform",
    "is_public": true,
    "license": "CC0",
    "source_type": "nft",
    "source_network": "optimism",
    "source_contract": "0x0ad4c869d0019df7460b33ca852610c9cb0a5647",
    "storage_type": "ipfs",
    "opensea_url": "https://opensea.io/collection/halloween-rising",
    "created_at": "2023-10-31T14:07:54.414Z",
    "updated_at": "2026-01-24T11:12:53.311Z",
    "avatar_data_file": "avatars/halloween-rising.json"
  },
  {
    "id": "xmas-chibis",
    "name": "Xmas Chibis",
    "creator_id": "Polygonal-Mind",
    "description": "VIPE's Christmas Avatar Collection 2023. 80 VRM avatars with 16 designs and 5 variations on Polygon.",
    "is_public": true,
    "license": "CC0",
    "source_type": "nft",
    "source_network": "polygon",
    "source_contract": "0x831079839bd0e6bf8e37e8cdfb5479fc1b2ef483",
    "storage_type": "ipfs",
    "opensea_url": "https://opensea.io/collection/xmas-chibis",
    "created_at": "2023-12-01T12:08:46.946Z",
    "updated_at": "2026-01-24T11:25:34.557Z",
    "avatar_data_file": "avatars/xmas-chibis.json"
  },
  {
    "id": "NeonGlitch86-collection",
    "name": "NeonGlitch86 Collection",
    "creator_id": "NeonGlitch86",
    "description": "Collections of avatars Created by NeonGlitch86",
    "is_public": true,
    "license": "CC0",
    "source_type": "nft",
    "source_network": ["ethereum", "shape"],
    "source_contract": [
      "0x776bd31ae5549eac9ed215b5db278229454d5bed",
      "0xe7ba6df2934c487bb49435394fdd4b80268e2d3c",
      "0xcdffc2fae679814913305c13edb86fe7967dbeea"
    ],
    "storage_type": ["github", "arweave", "ipfs"],
    "opensea_url": "https://opensea.io/NeonGlitch86/created",
    "created_at": "2026-01-25T00:00:00.000Z",
    "updated_at": "2026-01-25T00:00:00.000Z",
    "avatar_data_file": "avatars/NeonGlitch86.json"
  }
]